step	epoch	wired_mb	pid	footprint_peak_bytes
kev	1790750468	4028	8354	9519584
kev	1790750473	8951	8354	6166369080
kev	1790750478	14503	8354	29417231208
kev	1790750483	15250	8354	47903855488
kev	1790750488	14154	8354	50183148416
kev	1790750494	13199	8354	50183148416
kev	1790750499	14237	8354	50183148416
kev	1790750504	14649	8354	50230023040
kev	1790750509	13935	8354	50230023040
kev	1790750514	15624	8354	50230023040
kev	1790750519	13664	8354	50230023040
kev	1790750524	9380	8354	50230023040
kev	1790750530	9418	8354	50230023040
kev	1790750535	8778	8354	50230023040
kev	1790750540	8826	8354	50230023040
kev	1790750545	9154	8354	50230023040
kev	1790750550	12207	8354	50230023040
kev	1790750555	14603	8354	50240984152
kev	1790750561	14896	8354	50240984152
kev	1790750566	11503	8354	50240984152
kev	1790750571	11750	8354	50240984152
kev	1790750576	13170	8354	50240984152
kev	1790750581	12798	8354	50240984152
kev	1790750586	13698	8354	50240984152
kev	1790750592	13654	8354	50240984152
kev	1790750597	9229	8354	50240984152
kev	1790750602	11422	8354	50240984152
kev	1790750607	17134	8354	50240984152
kev	1790750612	11730	8354	50240984152
kev	1790750617	9166	8354	50240984152
kev	1790750623	18302	8354	50240984152
kev	1790750628	11662	8354	50240984152
kev	1790750633	19642	8354	50240984152
kev	1790750638	9638	8354	50240984152
kev	1790750643	18302	8354	50240984152
kev	1790750648	11827	8354	50240984152
kev	1790750653	19644	8354	50240984152
kev	1790750659	12221	8354	50383262712
kev	1790750664	14815	8354	50383262712
kev	1790750669	13123	8354	50383262712
kev	1790750674	13624	8354	50383262712
kev	1790750679	14595	8354	50383262712
kev	1790750684	14479	8354	50383262712
kev	1790750690	14437	8354	50383262712
kev	1790750695	15416	8354	50383262712
kev	1790750700	14928	8354	50383262712
optiq	1790750736	25296	14481	23297065496
optiq	1790750741	25297	14481	23928242736
optiq	1790750747	25303	14481	23928242736
optiq	1790750752	25320	14481	24008278576
optiq	1790750757	25302	14481	24991941192
optiq	1790750762	25894	14481	24991941192
optiq	1790750767	25303	14481	24991941192
optiq	1790750772	25509	14481	24991941192
optiq	1790750777	25328	14481	24991941192
optiq	1790750782	25301	14481	24991941192
optiq	1790750788	25646	14481	24991941192
optiq	1790750793	25623	14481	24991941192
optiq	1790750798	25301	14481	24991941192
optiq	1790750803	25402	14481	24991941192
optiq	1790750808	25887	14481	24991941192
optiq	1790750813	25289	14481	24991941192
optiq	1790750818	25603	14481	24992907872
optiq	1790750823	25839	14481	24992907872
optiq	1790750828	25353	14481	24992907872
optiq	1790750834	25865	14481	24992907872
optiq	1790750839	25654	14481	24992907872
optiq	1790750844	25663	14481	24992907872
optiq	1790750849	25841	14481	24992907872
