sykepengesoknad-frontend	TypeScript	2026-10-09T16:58:52Z
mlx-workspace	Python	2026-10-09T16:58:15Z
melosys-muninn	TypeScript	2026-10-09T16:58:06Z
copilot	Go	2026-10-09T16:54:18Z
rekrutteringsbistand-stilling-api	Kotlin	2026-10-09T16:52:22Z
sykepengesoknad-backend	Kotlin	2026-10-09T16:50:56Z
dp-stpeter	Kotlin	2026-10-09T16:42:13Z
dp-oppslag-tiltak	Kotlin	2026-10-09T16:39:43Z
dp-arena-innsyn-klient	TypeScript	2026-10-09T16:38:31Z
dp-kabal-integrasjon	Kotlin	2026-10-09T16:38:13Z
aap-behandlingsflyt	Kotlin	2026-10-09T16:38:05Z
reops-slack-bots	TypeScript	2026-10-09T16:37:27Z
dp-behov-pdf-generator	Kotlin	2026-10-09T16:37:15Z
dp-migrering	Kotlin	2026-10-09T16:36:50Z
dp-oppslag-inntekt	Kotlin	2026-10-09T16:36:35Z
dp-mellom-barken-og-veden	Kotlin	2026-10-09T16:36:00Z
dp-behandling	Kotlin	2026-10-09T16:35:50Z
dp-melding-om-vedtak	Kotlin	2026-10-09T16:34:37Z
dp-datadeling	Kotlin	2026-10-09T16:32:45Z
apt	none	2026-10-09T16:32:35Z
dp-version-catalog	none	2026-10-09T16:32:30Z
dp-saksbehandling	Kotlin	2026-10-09T16:31:51Z
dp-rapportering-personregister	Kotlin	2026-10-09T16:31:18Z
dp-mottak	Kotlin	2026-10-09T16:30:58Z
dp-mellomlagring	Kotlin	2026-10-09T16:30:31Z
dp-rapportering	Kotlin	2026-10-09T16:29:59Z
innsending-api	Rich Text Format	2026-10-09T16:29:52Z
sosialhjelp-avtaler-api	Kotlin	2026-10-09T16:27:38Z
dp-behov-soknad-pdf	Kotlin	2026-10-09T16:27:07Z
dp-behov-journalforing	Kotlin	2026-10-09T16:26:00Z
dp-innsyn	Kotlin	2026-10-09T16:25:19Z
dp-regel-api-arena-adapter	Kotlin	2026-10-09T16:24:31Z
dp-biblioteker	Kotlin	2026-10-09T16:24:22Z
dp-inntekt-klassifiserer	Kotlin	2026-10-09T16:21:28Z
dp-inntekt	Kotlin	2026-10-09T16:16:13Z
gandalf	Kotlin	2026-10-09T16:16:08Z
sosialhjelp-innsyn-api	Kotlin	2026-10-09T16:12:03Z
tiltakspenger-pdfgenrs	Typst	2026-10-09T16:10:56Z
sosialhjelp-innsyn	TypeScript	2026-10-09T16:10:56Z
dvh-tools	Python	2026-10-09T16:09:38Z
tiltakspenger-saksbehandling	TypeScript	2026-10-09T16:08:04Z
fp-sak	Java	2026-10-09T16:06:48Z
melosys-web	TypeScript	2026-10-09T15:46:41Z
entra-proxy	Kotlin	2026-10-09T15:45:54Z
klage-lookup	Kotlin	2026-10-09T15:42:14Z
kabin-api	Kotlin	2026-10-09T15:40:36Z
hm-newsadmin	TypeScript	2026-10-09T15:38:13Z
tms-utbetalingsoversikt-frontend	TypeScript	2026-10-09T15:34:28Z
melosys-skjema-web	TypeScript	2026-10-09T15:33:28Z
familie-tilbake	Kotlin	2026-10-09T15:31:53Z
ebxml-processor	Kotlin	2026-10-09T15:29:51Z
su-se-framover	TypeScript	2026-10-09T15:27:59Z
sosialhjelp-soknad-api	Kotlin	2026-10-09T15:26:13Z
homebrew-tap	Ruby	2026-10-09T15:09:08Z
kiss	TypeScript	2026-10-09T15:05:17Z
bidrag-backend	Kotlin	2026-10-09T15:04:26Z
melosys-e2e-tests	TypeScript	2026-10-09T15:03:12Z
hag-refusjon	Kotlin	2026-10-09T15:02:43Z
bidrag-frontend	TypeScript	2026-10-09T15:02:12Z
spinntektsmelding-frontend	TypeScript	2026-10-09T14:55:50Z
github-cost-center	Python	2026-10-09T14:55:47Z
rekrutteringsbistand-frontend	TypeScript	2026-10-09T14:54:20Z
helse-spinnvill	Kotlin	2026-10-09T14:53:46Z
rekrutteringstreff-backend	Kotlin	2026-10-09T14:53:27Z
aksel	TypeScript	2026-10-09T14:49:33Z
lps-oppfolgingsplan-mottak	Kotlin	2026-10-09T14:44:24Z
nda	TypeScript	2026-10-09T14:42:26Z
cplt	Rust	2026-10-09T14:38:24Z
familie-tilbake-frontend	TypeScript	2026-10-09T14:32:30Z
pensjon-etterlatte	TypeScript	2026-10-09T14:31:56Z
fp-ws-proxy	Java	2026-10-09T14:26:45Z
esyfo-narmesteleder	Kotlin	2026-10-09T14:26:26Z
fp-infotrygd	Kotlin	2026-10-09T14:26:21Z
mulighetsrommet	Kotlin	2026-10-09T14:24:30Z
sf-henvendelse-db	Kotlin	2026-10-09T14:14:23Z
k9-sak-web	TypeScript	2026-10-09T14:12:30Z
dp-soknad-orkestrator	Kotlin	2026-10-09T14:11:09Z
helsearbeidsgiver-bro-sykepenger	Kotlin	2026-10-09T14:10:52Z
dokprod-infotrygdbrev	Java	2026-10-09T14:10:02Z
aap-arenaoppslag	Kotlin	2026-10-09T14:09:37Z
ditt-sykefravaer	TypeScript	2026-10-09T14:07:54Z
sf-henvendelse-api-proxy	Kotlin	2026-10-09T14:07:21Z
sf-brukernotifikasjon	Kotlin	2026-10-09T14:06:37Z
ereg-sf-v2	Kotlin	2026-10-09T14:05:23Z
sf-linkmobility	Kotlin	2026-10-09T14:04:53Z
kafka-hot-crm	Kotlin	2026-10-09T14:04:25Z
sf-pubsub	Kotlin	2026-10-09T14:02:59Z
sf-nada	Kotlin	2026-10-09T14:02:33Z
sf-logout	Kotlin	2026-10-09T14:02:03Z
sf-keytool	Kotlin	2026-10-09T14:01:35Z
sf-github-metrics	Kotlin	2026-10-09T14:01:11Z
sf-eventlog	Kotlin	2026-10-09T14:00:33Z
populasjonstilgangskontroll	Kotlin	2026-10-09T14:00:28Z
sf-audit-logging	Kotlin	2026-10-09T14:00:08Z
sf-arkiv	Kotlin	2026-10-09T13:59:07Z
platforce-tool	Kotlin	2026-10-09T13:58:40Z
pdfgenrs	Rust	2026-10-09T13:58:36Z
kafka-platforce	Kotlin	2026-10-09T13:58:13Z
aap-saksbehandling	TypeScript	2026-10-09T13:58:02Z
skjema-avvikssystem	TypeScript	2026-10-09T13:56:27Z
ekspertbistand	Kotlin	2026-10-09T13:56:24Z
fp-bom	none	2026-10-09T13:52:58Z
saas-proxy	Kotlin	2026-10-09T13:51:10Z
veilarbvedtaksstotte	Kotlin	2026-10-09T13:50:34Z
pam-min-side-microfrontend	Astro	2026-10-09T13:50:28Z
pensjonsbrev	Kotlin	2026-10-09T13:47:48Z
innblikk-frontend	TypeScript	2026-10-09T13:42:43Z
security-champion-stats	Kotlin	2026-10-09T13:39:43Z
tsm-bq-sink	Kotlin	2026-10-09T13:39:06Z
eessi-pensjon-saksbehandling-ui	TypeScript	2026-10-09T13:37:41Z
kabal	TypeScript	2026-10-09T13:36:48Z
tiltakspenger-saksbehandling-api	Kotlin	2026-10-09T13:36:34Z
klage-file-viewer	TypeScript	2026-10-09T13:34:13Z
pensjon-regler-api	Kotlin	2026-10-09T13:33:12Z
esyfo-pdfgen	Typst	2026-10-09T13:32:49Z
padm2	Kotlin	2026-10-09T13:32:42Z
fp-frontend	TypeScript	2026-10-09T13:32:02Z
sosialhjelp-wonderwall	HTML	2026-10-09T13:31:46Z
tilleggsstonader-sak-frontend	TypeScript	2026-10-09T13:31:18Z
tilleggsstonader-sak	Kotlin	2026-10-09T13:31:14Z
watson-sak-frontend	TypeScript	2026-10-09T13:29:38Z
skjemautfylling-formio	JavaScript	2026-10-09T13:28:46Z
syfooversikt	TypeScript	2026-10-09T13:26:33Z
familie-ba-minside-frontend	TypeScript	2026-10-09T13:26:18Z
zrooms	Go	2026-10-09T13:25:05Z
sokos-up-skattekort-admin	TypeScript	2026-10-09T13:25:02Z
kabal-innstillinger	Kotlin	2026-10-09T13:23:23Z
helse-speil	TypeScript	2026-10-09T13:22:05Z
testnorge	Java	2026-10-09T13:19:49Z
tilbakekreving-kontrakter	TypeSpec	2026-10-09T13:19:21Z
grunn-og-hjelpestonad	Kotlin	2026-10-09T13:17:55Z
delta-backend	Kotlin	2026-10-09T13:16:56Z
delta-frontend	TypeScript	2026-10-09T13:16:49Z
aap-oppgave	Kotlin	2026-10-09T13:16:48Z
amt-deltaker-flate	TypeScript	2026-10-09T13:12:44Z
dp-brukerdialog-frontend	TypeScript	2026-10-09T13:12:13Z
k9-vaktmester	Kotlin	2026-10-09T13:10:38Z
crm-ips	Apex	2026-10-09T13:08:38Z
dp-mine-dagpenger-frontend	TypeScript	2026-10-09T13:07:39Z
narmesteleder-varsel	Kotlin	2026-10-09T13:06:18Z
narmesteleder-frontend	TypeScript	2026-10-09T13:02:53Z
hm-soknadsbehandling-db	Kotlin	2026-10-09T13:02:40Z
eessi-pensjon-fagmodul	Kotlin	2026-10-09T12:59:38Z
hotsak-frontend	TypeScript	2026-10-09T12:56:04Z
aap-utbetal	Kotlin	2026-10-09T12:55:08Z
ekstern-trekk-api	Kotlin	2026-10-09T12:52:02Z
smtp-transport	Kotlin	2026-10-09T12:49:33Z
dialogmote-frontend	TypeScript	2026-10-09T12:48:54Z
ispersonoppgave	Kotlin	2026-10-09T12:48:40Z
syfo-oppfolgingsplan-frontend	TypeScript	2026-10-09T12:43:23Z
Infotrygd-The-Final-Countdown	JavaScript	2026-10-09T12:42:30Z
meroppfolging-frontend	TypeScript	2026-10-09T12:42:22Z
amt-deltakelser	Kotlin	2026-10-09T12:41:51Z
su-pdfgen	Handlebars	2026-10-09T12:41:40Z
fptilbake	Java	2026-10-09T12:41:20Z
aktivitetskrav-frontend	TypeScript	2026-10-09T12:40:35Z
sokos-skattekort	Kotlin	2026-10-09T12:38:15Z
infotrygd-replikering	Kotlin	2026-10-09T12:37:37Z
oppfolgingsplan-lps-demo	TypeScript	2026-10-09T12:37:18Z
syfomodiaperson	TypeScript	2026-10-09T12:37:05Z
emottak-monitor	TypeScript	2026-10-09T12:36:14Z
eux-architecture	HTML	2026-10-09T12:32:24Z
su-se-bakover	Kotlin	2026-10-09T12:31:33Z
pensjonssimulator	Kotlin	2026-10-09T12:28:04Z
crm-arbeidsgiver-integration	Apex	2026-10-09T12:27:37Z
sokos-oppgjorsrapporter-selvbetjening-frontend	TypeScript	2026-10-09T12:26:49Z
familie-ba-sak	Kotlin	2026-10-09T12:16:02Z
helse-spanner	TypeScript	2026-10-09T12:15:14Z
crm-arbeidsgiver-base	Apex	2026-10-09T12:14:30Z
pensjon-etterlatte-saksbehandling	Kotlin	2026-10-09T12:13:27Z
macgyver	Kotlin	2026-10-09T12:11:46Z
backend-golden-path	Kotlin	2026-10-09T12:11:25Z
grillmester	Python	2026-10-09T12:09:40Z
ung-sak	Java	2026-10-09T12:09:07Z
pdfgenrs-test	Typst	2026-10-09T12:08:55Z
modiapersonoversikt	TypeScript	2026-10-09T12:07:42Z
nav-epj	Kotlin	2026-10-09T12:05:18Z
saf	Java	2026-10-09T12:04:39Z
hm-finnhjelpemiddel-news	Kotlin	2026-10-09T12:02:26Z
hm-adminregister	TypeScript	2026-10-09T12:00:43Z
tilbakekreving-burde-forstatt	Kotlin	2026-10-09T11:59:33Z
skjemabygging-formio	TypeScript	2026-10-09T11:59:22Z
pensjon-selvbetjening-opptjening-backend	Java	2026-10-09T11:59:13Z
veilarboppfolging	Kotlin	2026-10-09T11:57:31Z
dokarkiv	Java	2026-10-09T11:57:17Z
sokos-pdl-proxy	Kotlin	2026-10-09T11:56:23Z
melosys-skjema-api	Kotlin	2026-10-09T11:55:25Z
helse-sporhund	Kotlin	2026-10-09T11:54:07Z
helse-speed	Kotlin	2026-10-09T11:50:04Z
familie-ks-sak	Kotlin	2026-10-09T11:47:40Z
toi-rapids-and-rivers	Kotlin	2026-10-09T11:43:47Z
etterlevelse	TypeScript	2026-10-09T11:41:38Z
permittering	TypeScript	2026-10-09T11:39:52Z
k9-los-api	Kotlin	2026-10-09T11:38:02Z
tilleggsstonader-brev-sanity	TypeScript	2026-10-09T11:37:59Z
min-side-arbeidsgiver	TypeScript	2026-10-09T11:34:43Z
helse-sp-vilkarsproving	Kotlin	2026-10-09T11:33:09Z
orkivar	Kotlin	2026-10-09T11:33:06Z
virksomhetsvelger	TypeScript	2026-10-09T11:32:41Z
aap-statistikk	Kotlin	2026-10-09T11:30:57Z
esyfovarsel	Kotlin	2026-10-09T11:30:40Z
crm-sto	Apex	2026-10-09T11:28:39Z
aap-soknad	TypeScript	2026-10-09T11:28:07Z
fp-inntektsmelding	Java	2026-10-09T11:27:41Z
helse-sparsom	Kotlin	2026-10-09T11:26:07Z
klang	TypeScript	2026-10-09T11:22:26Z
helse-spenn	Kotlin	2026-10-09T11:20:37Z
helse-sp-forsikring	Kotlin	2026-10-09T11:20:21Z
crm-hot-tolk	Apex	2026-10-09T11:20:02Z
melosys-eessi	Java	2026-10-09T11:16:24Z
aap-dokumentinnhenting	Kotlin	2026-10-09T11:16:05Z
paw-rust-monorepo	Rust	2026-10-09T11:15:35Z
sosialhjelp-soknad	TypeScript	2026-10-09T11:07:46Z
dagpenger-joark-mottak	Kotlin	2026-10-09T11:07:21Z
kabal-api	Kotlin	2026-10-09T11:06:23Z
dp-tilbakekreving	Kotlin	2026-10-09T11:05:25Z
fp-los	Java	2026-10-09T11:04:43Z
familie-ba-sak-frontend	TypeScript	2026-10-09T11:04:02Z
veilarbportefoljeflatefs	TypeScript	2026-10-09T10:58:38Z
dp-andre-ytelser	Kotlin	2026-10-09T10:57:24Z
dp-oppgave-integrasjon	Kotlin	2026-10-09T10:55:56Z
dp-doffen	Kotlin	2026-10-09T10:54:59Z
infotek-parent	Python	2026-10-09T10:54:52Z
polly	Java	2026-10-09T10:52:54Z
meldekort-landingsside	TypeScript	2026-10-09T10:52:37Z
meldekort-mikrofrontend	TypeScript	2026-10-09T10:51:04Z
k9-abakus	Java	2026-10-09T10:51:03Z
tsm-oppgave	Kotlin	2026-10-09T10:49:11Z
historisk-superhelt	Kotlin	2026-10-09T10:49:04Z
dp-oppslag-ytelser	Kotlin	2026-10-09T10:48:14Z
dp-rapportering-saksbehandling-frontend	TypeScript	2026-10-09T10:47:14Z
dp-behov-distribuering	Kotlin	2026-10-09T10:45:29Z
sosialhjelp-mock-alt-api	Kotlin	2026-10-09T10:44:30Z
dp-manuell-behandling	Kotlin	2026-10-09T10:43:21Z
kabin-e2e-tests	TypeScript	2026-10-09T10:43:14Z
dp-vaktmester-mellomlagring	Kotlin	2026-10-09T10:42:59Z
dp-audit-logger	Kotlin	2026-10-09T10:42:24Z
dp-aktivitetslogg-frontend	TypeScript	2026-10-09T10:39:24Z
dp-arena-meldeplikt-adapter	Kotlin	2026-10-09T10:38:51Z
meldekort-frontend	TypeScript	2026-10-09T10:38:13Z
dp-aktivitetslogg	Kotlin	2026-10-09T10:37:43Z
dp-kafka-connect-operator	Kotlin	2026-10-09T10:36:35Z
aap-intern-sysdok	Shell	2026-10-09T10:35:59Z
dp-rapportering-frontend	TypeScript	2026-10-09T10:35:43Z
fp-soknad	Java	2026-10-09T10:34:53Z
digisos-alerts	none	2026-10-09T10:34:53Z
hag-dialog	Kotlin	2026-10-09T10:33:30Z
dp-doh	Kotlin	2026-10-09T10:33:07Z
dp-dataprodukter	Kotlin	2026-10-09T10:32:47Z
cpa-sync	Kotlin	2026-10-09T10:31:31Z
dp-oppslag-arbeidssoker	Kotlin	2026-10-09T10:28:30Z
fakedings	Kotlin	2026-10-09T10:27:48Z
emottak-utils	Kotlin	2026-10-09T10:27:38Z
dp-speider	Kotlin	2026-10-09T10:27:30Z
dp-behovsakkumulator	Kotlin	2026-10-09T10:27:26Z
dp-vedtakresultat-lytter	Kotlin	2026-10-09T10:26:28Z
emottak-payload-xsd	none	2026-10-09T10:24:27Z
emottak-event-manager	Kotlin	2026-10-09T10:24:07Z
dp-regel-api	Kotlin	2026-10-09T10:23:36Z
dp-regel-grunnlag	Kotlin	2026-10-09T10:23:20Z
send-in-send-out	Kotlin	2026-10-09T10:23:02Z
dp-regel-sats	Kotlin	2026-10-09T10:22:43Z
dp-regel-periode	Kotlin	2026-10-09T10:22:14Z
dp-regel-minsteinntekt	Kotlin	2026-10-09T10:22:14Z
loggkamel	Java	2026-10-09T10:21:41Z
sf-db-template	none	2026-10-09T10:20:52Z
sokos-utleggstrekk	Kotlin	2026-10-09T10:20:46Z
k9-swagger	TypeScript	2026-10-09T10:20:36Z
hm-finnhjelpemiddel	TypeScript	2026-10-09T10:17:24Z
rule-dsl	Kotlin	2026-10-09T10:16:47Z
pensjon-verdande	TypeScript	2026-10-09T10:13:42Z
pensjon-etterlatte-felles	Kotlin	2026-10-09T10:12:29Z
toi-kafkamanager	none	2026-10-09T10:08:01Z
pensjon-pen-valkey	Dockerfile	2026-10-09T10:07:26Z
fp-inntektsmelding-frontend	TypeScript	2026-10-09T10:02:48Z
fp-kontrakter	Java	2026-10-09T10:00:39Z
crm-arbeidsforhold	Apex	2026-10-09T09:59:55Z
utsikt-dataprodukt	Python	2026-10-09T09:55:20Z
innholdsoversikt	Python	2026-10-09T09:52:05Z
helse-sp-forsikring-statistikk	TypeScript	2026-10-09T09:51:08Z
helse-spout	Kotlin	2026-10-09T09:48:06Z
oebs-valp-api	Java	2026-10-09T09:44:44Z
helse-spokelse	Kotlin	2026-10-09T09:38:56Z
loggkamel-frontend	Svelte	2026-10-09T09:38:37Z
loggkamel-proxy	Kotlin	2026-10-09T09:38:15Z
aap-kelvin-komponenter	Kotlin	2026-10-09T09:35:38Z
helse-spleis	Kotlin	2026-10-09T09:31:05Z
meldekortservice	Kotlin	2026-10-09T09:29:44Z
aareg-ajourhold-api	none	2026-10-09T09:29:41Z
tilleggsstonader	Shell	2026-10-09T09:29:06Z
tms-personopplysninger-api	Kotlin	2026-10-09T09:27:49Z
melosys-api	Kotlin	2026-10-09T09:26:48Z
isdialogmelding	Kotlin	2026-10-09T09:26:41Z
tms-statistikk	Kotlin	2026-10-09T09:26:20Z
tms-min-side-proxy	Kotlin	2026-10-09T09:26:19Z
tms-event-api	Kotlin	2026-10-09T09:25:58Z
tms-ekstern-varsling	Kotlin	2026-10-09T09:25:41Z
tms-utkast	Kotlin	2026-10-09T09:25:00Z
tms-varsel-authority	Kotlin	2026-10-09T09:24:49Z
tms-varsel-api	Kotlin	2026-10-09T09:24:43Z
tms-mikrofrontend-selector	Kotlin	2026-10-09T09:24:29Z
tms-arbeidsforhold-api	Kotlin	2026-10-09T09:24:09Z
helved-utbetaling	Kotlin	2026-10-09T09:23:52Z
tms-brannslukning	Kotlin	2026-10-09T09:23:48Z
tms-utbetalingsoversikt-api	Kotlin	2026-10-09T09:23:35Z
mine-saker-api	Kotlin	2026-10-09T09:23:33Z
tms-varsel-event-gateway	Kotlin	2026-10-09T09:22:17Z
db2-til-bq	Python	2026-10-09T09:20:38Z
tms-event-test-producer	Kotlin	2026-10-09T09:20:04Z
tms-doknotstatus-converter	Kotlin	2026-10-09T09:19:13Z
tbd-libs	Kotlin	2026-10-09T09:18:52Z
tms-kafka-dashboard	Kotlin	2026-10-09T09:14:40Z
tms-varseltekst-monitor	Kotlin	2026-10-09T09:14:13Z
ufore-inntektsplanleggeren	Kotlin	2026-10-09T09:13:45Z
tms-dependency-admin	Shell	2026-10-09T09:13:45Z
ghep	Go	2026-10-09T09:13:10Z
omsorgspenger-rammemeldinger	Kotlin	2026-10-09T09:12:45Z
send-inn-frontend	TypeScript	2026-10-09T09:10:18Z
familie-ks-sak-frontend	TypeScript	2026-10-09T09:08:37Z
aap-paw-patrol	TypeScript	2026-10-09T09:08:18Z
bomlo-cli	Kotlin	2026-10-09T09:06:53Z
din-uforetrygd	Kotlin	2026-10-09T09:06:46Z
sikkerhetstjenesten-lib	Kotlin	2026-10-09T09:06:00Z
helsearbeidsgiver-dokarkiv-client	Kotlin	2026-10-09T09:05:44Z
helsemelding-docs	none	2026-10-09T09:04:41Z
familie-klage-frontend	TypeScript	2026-10-09T09:03:56Z
dp-saksbehandling-frontend	TypeScript	2026-10-09T09:02:54Z
tpt-frontend	TypeScript	2026-10-09T08:55:41Z
tilbakemeldinger	TypeScript	2026-10-09T08:55:36Z
sif-brukerdialog	TypeScript	2026-10-09T08:53:29Z
aap-meldekort-backend	Kotlin	2026-10-09T08:53:08Z
sf-cli-plugin-pool	TypeScript	2026-10-09T08:47:29Z
nav-dekoratoren	TypeScript	2026-10-09T08:39:02Z
infotrygd-feed-proxy-v2	Kotlin	2026-10-09T08:34:17Z
isaktivitetskrav	Kotlin	2026-10-09T08:33:00Z
dp-kalkulator-frontend	TypeScript	2026-10-09T08:31:37Z
poao-endringslogg-sanity	JavaScript	2026-10-09T08:31:01Z
flex-sykmeldinger-backend	Kotlin	2026-10-09T08:27:15Z
oebs-mainmanager-api	Java	2026-10-09T08:27:06Z
naisapps-agg-dataproduct	Python	2026-10-09T08:26:30Z
sokos-spk-mottak	Kotlin	2026-10-09T08:26:10Z
teamdab-designprototype-sandkasse	TypeScript	2026-10-09T08:24:49Z
familie-ef-iverksett	Kotlin	2026-10-09T08:24:23Z
fia-arbeidsgiver-frontend	TypeScript	2026-10-09T08:20:43Z
sosialhjelp-upload	Kotlin	2026-10-09T08:16:43Z
aap-brev-sanity-proxy	TypeScript	2026-10-09T08:15:07Z
bidrag-bidragskalkulator-ui	TypeScript	2026-10-09T08:11:13Z
oksty-hjelpemidler-api	Java	2026-10-09T08:10:47Z
tiltakspenger-soknad	TypeScript	2026-10-09T08:08:45Z
okonomimodell-api	Java	2026-10-09T08:08:25Z
nav-union	Python	2026-10-09T07:59:54Z
flex-joark-mottak	Kotlin	2026-10-09T07:59:20Z
familie-ef-soknad-frontend	TypeScript	2026-10-09T07:59:14Z
nav-enonicxp	TypeScript	2026-10-09T07:57:11Z
tsm-ktor	Kotlin	2026-10-09T07:48:48Z
helse-spennende	Kotlin	2026-10-09T07:48:15Z
helse-spregulering	Kotlin	2026-10-09T07:47:51Z
aap-kalkulator-frontend	TypeScript	2026-10-09T07:47:35Z
pensjon-regler-satsviewer	TypeScript	2026-10-09T07:45:04Z
helse-vedtaksfeed	Kotlin	2026-10-09T07:44:14Z
helse-spydig	Kotlin	2026-10-09T07:44:08Z
helse-spredning	Kotlin	2026-10-09T07:43:59Z
helse-spre	Kotlin	2026-10-09T07:43:57Z
helse-sporing	JavaScript	2026-10-09T07:43:51Z
helse-spoken	Kotlin	2026-10-09T07:43:44Z
helse-spill-av-im	Kotlin	2026-10-09T07:43:31Z
helse-spesialist	Kotlin	2026-10-09T07:43:25Z
helse-speaker	Kotlin	2026-10-09T07:43:11Z
helse-spapi	Kotlin	2026-10-09T07:43:01Z
helse-spammer	Kotlin	2026-10-09T07:42:57Z
helse-redteam	Kotlin	2026-10-09T07:42:46Z
omsorgspenger-journalforing	Kotlin	2026-10-09T07:42:30Z
fp-dokgen	Handlebars	2026-10-09T07:39:35Z
veilarbdetaljerfs	TypeScript	2026-10-09T07:39:31Z
omsorgspenger-sak	Kotlin	2026-10-09T07:36:34Z
aktivitetsplan	TypeScript	2026-10-09T07:35:11Z
ispengestopp	Kotlin	2026-10-09T07:34:53Z
helsearbeidsgiver-pdfgen	Handlebars	2026-10-09T07:33:46Z
faktureringskomponenten	Kotlin	2026-10-09T07:31:58Z
helse-spaghet	Kotlin	2026-10-09T07:29:26Z
fp-inngangsvilkar	Java	2026-10-09T07:27:52Z
helse-spetakkel	Kotlin	2026-10-09T07:27:26Z
omsorgspenger-tilgangsstyring	Kotlin	2026-10-09T07:26:50Z
fp-stonadskonto	Java	2026-10-09T07:25:48Z
svp-uttak	Java	2026-10-09T07:25:36Z
fp-autotest	Java	2026-10-09T07:20:30Z
rekrutteringstreff-bruker	TypeScript	2026-10-09T07:19:17Z
pensjon-regler-beregn	TypeScript	2026-10-09T07:16:41Z
vis-stilling	TypeScript	2026-10-09T07:16:22Z
presenterte-kandidater	TypeScript	2026-10-09T07:16:16Z
varsel2	Java	2026-10-09T07:15:19Z
foerstesidegenerator	Java	2026-10-09T07:14:22Z
familie-ks-soknad	TypeScript	2026-10-09T07:06:07Z
familie-ba-soknad	TypeScript	2026-10-09T07:05:57Z
crm-hot-kurs	Apex	2026-10-09T07:05:35Z
familie-ba-minside-mikrofrontend	Astro	2026-10-09T07:04:57Z
gemini	Go	2026-10-09T07:03:27Z
tilleggsstonader-soknad-api	Kotlin	2026-10-09T07:00:18Z
eresept-actions	Shell	2026-10-09T07:00:17Z
tilleggsstonader-klage	Kotlin	2026-10-09T07:00:15Z
